{
  "Total" : {
    "transaction" : "Total",
    "sampleCount" : 1405,
    "errorCount" : 928,
    "errorPct" : 66.04982,
    "meanResTime" : 1098.1765124555143,
    "medianResTime" : 1103.0,
    "minResTime" : 424.0,
    "maxResTime" : 2066.0,
    "pct1ResTime" : 1520.0,
    "pct2ResTime" : 1559.7,
    "pct3ResTime" : 1778.94,
    "throughput" : 22.127378102557643,
    "receivedKBytesPerSec" : 6.190519752228487,
    "sentKBytesPerSec" : 3.315307878645899
  },
  "conf3" : {
    "transaction" : "conf3",
    "sampleCount" : 473,
    "errorCount" : 40,
    "errorPct" : 8.456659,
    "meanResTime" : 740.1649048625798,
    "medianResTime" : 727.0,
    "minResTime" : 424.0,
    "maxResTime" : 1407.0,
    "pct1ResTime" : 885.6,
    "pct2ResTime" : 990.9999999999991,
    "pct3ResTime" : 1343.04,
    "throughput" : 7.449640117808262,
    "receivedKBytesPerSec" : 2.092673478769313,
    "sentKBytesPerSec" : 1.1156187985289716
  },
  "conf2" : {
    "transaction" : "conf2",
    "sampleCount" : 472,
    "errorCount" : 428,
    "errorPct" : 90.67796,
    "meanResTime" : 1085.9427966101696,
    "medianResTime" : 1102.5,
    "minResTime" : 481.0,
    "maxResTime" : 1876.0,
    "pct1ResTime" : 1190.7,
    "pct2ResTime" : 1255.35,
    "pct3ResTime" : 1443.049999999998,
    "throughput" : 7.434007434007434,
    "receivedKBytesPerSec" : 2.0516856454356454,
    "sentKBytesPerSec" : 1.1156363695426197
  },
  "conf1" : {
    "transaction" : "conf1",
    "sampleCount" : 460,
    "errorCount" : 460,
    "errorPct" : 100.0,
    "meanResTime" : 1478.8586956521733,
    "medianResTime" : 1495.5,
    "minResTime" : 719.0,
    "maxResTime" : 2066.0,
    "pct1ResTime" : 1594.9,
    "pct2ResTime" : 1701.0,
    "pct3ResTime" : 1850.6499999999996,
    "throughput" : 7.245007245007245,
    "receivedKBytesPerSec" : 2.0465176715176714,
    "sentKBytesPerSec" : 1.0842440041658792
  }
}