{
  "Total" : {
    "transaction" : "Total",
    "sampleCount" : 190,
    "errorCount" : 7,
    "errorPct" : 3.6842105,
    "meanResTime" : 626.2421052631581,
    "medianResTime" : 592.0,
    "minResTime" : 385.0,
    "maxResTime" : 1015.0,
    "pct1ResTime" : 873.2,
    "pct2ResTime" : 908.6999999999999,
    "pct3ResTime" : 976.7800000000002,
    "throughput" : 61.32989025177534,
    "receivedKBytesPerSec" : 13.835160789218852,
    "sentKBytesPerSec" : 9.4031179389929
  },
  "HTTP Request" : {
    "transaction" : "HTTP Request",
    "sampleCount" : 190,
    "errorCount" : 7,
    "errorPct" : 3.6842105,
    "meanResTime" : 626.2421052631581,
    "medianResTime" : 592.0,
    "minResTime" : 385.0,
    "maxResTime" : 1015.0,
    "pct1ResTime" : 873.2,
    "pct2ResTime" : 908.6999999999999,
    "pct3ResTime" : 976.7800000000002,
    "throughput" : 61.32989025177534,
    "receivedKBytesPerSec" : 13.835160789218852,
    "sentKBytesPerSec" : 9.4031179389929
  }
}