{
  "Total" : {
    "transaction" : "Total",
    "sampleCount" : 165,
    "errorCount" : 71,
    "errorPct" : 43.030304,
    "meanResTime" : 898.987878787879,
    "medianResTime" : 896.0,
    "minResTime" : 424.0,
    "maxResTime" : 2022.0,
    "pct1ResTime" : 1345.0,
    "pct2ResTime" : 1371.0,
    "pct3ResTime" : 1684.0800000000017,
    "throughput" : 20.759939607448416,
    "receivedKBytesPerSec" : 4.6831504387896326,
    "sentKBytesPerSec" : 3.182920428095118
  },
  "conf3" : {
    "transaction" : "conf3",
    "sampleCount" : 55,
    "errorCount" : 0,
    "errorPct" : 0.0,
    "meanResTime" : 507.1454545454547,
    "medianResTime" : 523.0,
    "minResTime" : 424.0,
    "maxResTime" : 823.0,
    "pct1ResTime" : 553.0,
    "pct2ResTime" : 608.7999999999989,
    "pct3ResTime" : 823.0,
    "throughput" : 8.071617258585265,
    "receivedKBytesPerSec" : 1.8208433464191371,
    "sentKBytesPerSec" : 1.2375428804666861
  },
  "conf2" : {
    "transaction" : "conf2",
    "sampleCount" : 55,
    "errorCount" : 16,
    "errorPct" : 29.09091,
    "meanResTime" : 893.5818181818183,
    "medianResTime" : 896.0,
    "minResTime" : 825.0,
    "maxResTime" : 962.0,
    "pct1ResTime" : 957.4,
    "pct2ResTime" : 961.2,
    "pct3ResTime" : 962.0,
    "throughput" : 7.935362862501804,
    "receivedKBytesPerSec" : 1.790106270740153,
    "sentKBytesPerSec" : 1.216652313879671
  },
  "conf1" : {
    "transaction" : "conf1",
    "sampleCount" : 55,
    "errorCount" : 55,
    "errorPct" : 100.0,
    "meanResTime" : 1296.2363636363636,
    "medianResTime" : 1273.0,
    "minResTime" : 1156.0,
    "maxResTime" : 2022.0,
    "pct1ResTime" : 1375.0,
    "pct2ResTime" : 1425.1999999999996,
    "pct3ResTime" : 2022.0,
    "throughput" : 6.919979869149472,
    "receivedKBytesPerSec" : 1.5610501462632107,
    "sentKBytesPerSec" : 1.060973476031706
  }
}